"data__stations__is_installed","data__stations__num_bikes_disabled","data__stations__is_returning","data__stations__station_status","data__stations__last_reported","data__stations__eightd_has_available_keys","data__stations__legacy_id","data__stations__num_ebikes_available","data__stations__is_renting","data__stations__num_docks_disabled","data__stations__num_docks_available","data__stations__num_bikes_available","data__stations__station_id","last_updated","ttl"
"1","1","1","active","1599426428","False","1","0","1","0","11","3","1","1599426630","5"
"1","1","1","active","1599421244","False","2","0","1","0","9","1","2","",""
"1","0","1","active","1599424089","False","3","0","1","0","1","16","3","",""
"1","0","1","active","1599426176","False","4","0","1","0","8","3","4","",""
"1","0","1","active","1599424516","False","5","0","1","0","7","4","5","",""
"1","0","1","active","1599425615","False","6","2","1","0","0","19","6","",""
"1","0","1","active","1599426167","False","7","0","1","0","0","15","7","",""
"1","1","1","active","1599417293","False","8","1","1","0","0","18","8","",""
"1","0","1","active","1599408724","False","10","0","1","0","10","1","10","",""
"1","0","1","active","1599424737","False","11","0","1","1","4","6","11","",""
"1","0","1","active","1599426480","False","12","1","1","0","10","5","12","",""
"1","0","1","active","1599421011","False","13","0","1","0","7","4","13","",""
"1","0","1","active","1599425271","False","14","1","1","0","9","6","14","",""
"1","0","1","active","1599426306","False","15","0","1","0","22","6","15","",""
"1","0","1","active","1599425881","False","16","0","1","0","22","5","16","",""
"1","0","1","active","1599426561","False","17","0","1","0","5","28","17","",""
"1","2","1","active","1599426330","False","18","2","1","0","9","3","18","",""
"1","0","1","active","1599424272","False","19","0","1","0","17","2","19","",""
"1","0","1","active","1599425824","False","20","0","1","0","22","0","20","",""
"1","0","1","active","1599424945","False","21","0","1","0","10","9","21","",""
"1","1","1","active","1599425922","False","22","1","1","0","12","10","22","",""
"1","0","1","active","1599426018","False","23","0","1","0","13","4","23","",""
"1","0","1","active","1599426483","False","24","0","1","0","14","5","24","",""
"1","0","1","active","1599426510","False","25","1","1","0","12","9","25","",""
"1","0","1","active","1599425317","False","26","0","1","0","13","2","26","",""
"1","1","1","active","1599426397","False","27","0","1","0","18","15","27","",""
"1","0","1","active","1599425717","False","28","1","1","0","17","2","28","",""
"1","0","1","active","1599424683","False","29","0","1","0","18","1","29","",""
"1","0","1","active","1599424978","False","30","0","1","0","4","7","30","",""
"1","1","1","active","1599426293","False","31","0","1","0","5","13","31","",""
"1","1","1","active","1599420642","False","32","0","1","0","14","0","32","",""
"1","1","1","active","1599420727","False","33","0","1","0","18","0","33","",""
"1","0","1","active","1599380140","False","34","0","1","0","11","0","34","",""
"1","1","1","active","1599425211","False","35","0","1","0","7","3","35","",""
"1","0","1","active","1599382569","False","36","0","1","0","8","3","36","",""
"1","0","1","active","1599381341","False","37","0","1","0","1","14","37","",""
"1","0","1","active","1599380741","False","38","0","1","0","0","11","38","",""
"1","1","1","active","1599419193","False","39","2","1","0","0","10","39","",""
"1","0","1","active","1599425338","False","40","0","1","0","6","5","40","",""
"1","1","1","active","1599417246","False","41","0","1","0","2","8","41","",""
"1","3","1","active","1599426447","False","42","2","1","0","4","7","42","",""
"1","0","1","active","1599421529","False","43","1","1","0","0","15","43","",""
"1","0","1","active","1599423738","False","44","0","1","0","9","0","44","",""
"1","0","1","active","1599426311","False","45","1","1","0","15","24","45","",""
"1","0","1","active","1599426620","False","46","0","1","0","6","9","46","",""
"1","0","1","active","1599426520","False","47","1","1","0","7","8","47","",""
"1","0","1","active","1599425297","False","48","0","1","0","8","7","48","",""
"1","0","1","active","1599425413","False","49","0","1","0","10","7","49","",""
"1","2","1","active","1599426618","False","51","2","1","0","9","31","51","",""
"1","0","1","active","1599426557","False","52","0","1","0","1","12","52","",""
"1","0","1","active","1599426222","False","53","0","1","0","13","6","53","",""
"1","0","1","active","1599425626","False","54","0","1","0","7","16","54","",""
"1","1","1","active","1599426470","False","55","0","1","0","10","4","55","",""
"1","0","1","active","1599426523","False","56","0","1","0","4","7","56","",""
"1","0","1","active","1599426064","False","57","0","1","0","11","2","57","",""
"1","0","1","active","1599425090","False","58","0","1","0","11","4","58","",""
"1","0","1","active","1599426108","False","59","0","1","0","14","4","59","",""
"1","0","1","active","1599423040","False","60","0","1","0","15","0","60","",""
"1","0","1","active","1599426579","False","61","2","1","0","6","9","61","",""
"1","0","1","active","1599426465","False","62","0","1","0","8","3","62","",""
"1","0","1","active","1599421816","False","63","0","1","0","13","2","63","",""
"1","0","1","active","1599425643","False","64","0","1","0","17","1","64","",""
"1","0","1","active","1599426028","False","65","0","1","0","9","2","65","",""
"1","1","1","active","1599418078","False","66","0","1","0","10","0","66","",""
"1","1","1","active","1599425986","False","67","0","1","0","1","9","67","",""
"1","2","1","active","1599425892","False","68","1","1","0","6","7","68","",""
"1","0","1","active","1599426311","False","69","0","1","0","2","21","69","",""
"1","0","1","active","1599380741","False","70","0","1","0","3","8","70","",""
"1","1","1","active","1599421367","False","71","0","1","0","37","1","71","",""
"1","2","1","active","1599425891","False","72","0","1","0","0","17","72","",""
"1","0","1","active","1599422663","False","73","0","1","0","5","5","73","",""
"1","0","1","active","1599415323","False","74","0","1","0","15","0","74","",""
"1","1","1","active","1599426571","False","75","0","1","0","8","6","75","",""
"1","3","1","active","1599426419","False","76","0","1","0","5","23","76","",""
"1","0","1","active","1599425176","False","77","0","1","0","16","3","77","",""
"1","0","1","active","1599426589","False","78","0","1","0","4","13","78","",""
"1","1","1","active","1599423279","False","79","0","1","0","18","8","79","",""
"1","1","1","active","1599420654","False","80","0","1","0","10","4","80","",""
"1","0","1","active","1599425886","False","81","0","1","0","23","4","81","",""
"1","0","1","active","1599425427","False","82","1","1","0","17","13","82","",""
"1","1","1","active","1599425774","False","83","0","1","0","11","7","83","",""
"1","0","1","active","1599426406","False","84","0","1","0","11","12","84","",""
"1","0","1","active","1599425464","False","85","1","1","0","8","7","85","",""
"1","0","1","active","1599421699","False","86","0","1","0","6","13","86","",""
"1","2","1","active","1599426496","False","87","0","1","0","2","19","87","",""
"1","1","1","active","1599426535","False","88","0","1","0","14","3","88","",""
"1","1","1","active","1599425138","False","89","0","1","0","11","11","89","",""
"1","0","1","active","1599426207","False","90","0","1","0","9","2","90","",""
"1","0","1","active","1599425943","False","91","0","1","0","22","1","91","",""
"1","0","1","active","1599425657","False","92","0","1","0","14","19","92","",""
"1","0","1","active","1599425660","False","93","0","1","0","8","6","93","",""
"1","0","1","active","1599426541","False","94","0","1","0","19","4","94","",""
"1","1","1","active","1599426494","False","95","2","1","0","6","16","95","",""
"1","0","1","active","1599426372","False","96","1","1","0","11","8","96","",""
"1","0","1","active","1599425795","False","97","0","1","0","1","14","97","",""
"1","1","1","active","1599424133","False","98","2","1","0","3","7","98","",""
"1","0","1","active","1599425137","False","99","0","1","0","8","17","99","",""
"1","0","1","active","1599381943","False","100","0","1","0","11","0","100","",""
"1","1","1","active","1599424891","False","101","0","1","0","24","5","101","",""
"1","4","1","active","1599426366","False","102","1","1","0","14","5","102","",""
"1","2","1","active","1599426213","False","103","0","1","0","8","29","103","",""
"1","3","1","active","1599423784","False","104","0","1","0","1","21","104","",""
"1","0","1","active","1599426413","False","105","0","1","0","14","13","105","",""
"1","1","1","active","1599424372","False","106","0","1","0","18","16","106","",""
"1","1","1","active","1599420477","False","107","0","1","0","0","16","107","",""
"1","0","1","active","1599421002","False","108","0","1","0","14","1","108","",""
"1","0","1","active","1599426594","False","109","0","1","0","13","21","109","",""
"1","0","1","active","1599425239","False","110","0","1","0","8","15","110","",""
"1","0","1","active","1599426618","False","111","1","1","0","8","11","111","",""
"1","1","1","active","1599426409","False","112","0","1","0","12","1","112","",""
"1","1","1","active","1599426092","False","113","0","1","0","42","12","113","",""
"1","0","1","active","1599425945","False","114","0","1","0","7","16","114","",""
"1","1","1","active","1599426623","False","115","0","1","0","16","2","115","",""
"1","0","1","active","1599425106","False","116","0","1","0","14","1","116","",""
"1","1","1","active","1599426499","False","117","0","1","0","3","19","117","",""
"1","1","1","active","1599422405","False","118","1","1","0","7","15","118","",""
"1","0","1","active","1599426436","False","124","0","1","0","11","16","124","",""
"1","1","1","active","1599426458","False","125","0","1","0","7","7","125","",""
"1","1","1","active","1599426536","False","126","1","1","0","15","3","126","",""
"1","0","1","active","1599426122","False","127","0","1","0","7","24","127","",""
"1","0","1","active","1599425404","False","128","0","1","0","12","7","128","",""
"1","0","1","active","1599426162","False","129","0","1","0","13","2","129","",""
"1","1","1","active","1599425192","False","130","0","1","0","12","2","130","",""
"1","0","1","active","1599424297","False","131","0","1","0","11","0","131","",""
"1","0","1","active","1599402447","False","132","0","1","0","15","0","132","",""
"1","0","1","active","1599426526","False","133","0","1","0","5","10","133","",""
"1","0","1","active","1599426088","False","134","0","1","0","8","7","134","",""
"1","2","1","active","1599426268","False","135","1","1","0","1","15","135","",""
"1","1","1","active","1599426454","False","136","1","1","0","8","14","136","",""
"1","2","1","active","1599426000","False","137","1","1","0","23","8","137","",""
"1","0","1","active","1599425995","False","138","0","1","0","5","6","138","",""
"1","0","1","active","1599420622","False","139","0","1","0","15","0","139","",""
"1","0","1","active","1599424337","False","140","0","1","0","16","1","140","",""
"1","2","1","active","1599426112","False","141","0","1","0","19","6","141","",""
"1","0","1","active","1599424822","False","142","0","1","0","30","9","142","",""
"1","1","1","active","1599425919","False","143","0","1","0","16","2","143","",""
"1","0","1","active","1599425210","False","144","0","1","0","11","8","144","",""
"1","0","1","active","1599426164","False","145","0","1","0","12","2","145","",""
"1","0","1","active","1599425908","False","146","0","1","0","13","2","146","",""
"1","0","1","active","1599425878","False","147","0","1","0","9","6","147","",""
"1","1","1","active","1599426154","False","148","0","1","0","9","9","148","",""
"1","0","1","active","1599426366","False","149","0","1","0","11","8","149","",""
"1","1","1","active","1599422836","False","150","0","1","0","0","18","150","",""
"1","0","1","active","1599425824","False","151","0","1","0","13","2","151","",""
"1","0","1","active","1599426118","False","152","0","1","0","5","10","152","",""
"1","0","1","active","1599426475","False","153","0","1","0","17","1","153","",""
"1","1","1","active","1599426622","False","154","0","1","0","13","1","154","",""
"1","0","1","active","1599425459","False","155","0","1","0","15","0","155","",""
"1","1","1","active","1599411276","False","156","2","1","0","6","4","156","",""
"1","0","1","active","1599422233","False","157","0","1","0","1","10","157","",""
"1","0","1","active","1599420253","False","158","0","1","0","14","1","158","",""
"1","0","1","active","1599426275","False","159","0","1","0","17","6","159","",""
"1","1","1","active","1599424715","False","160","0","1","0","8","2","160","",""
"1","0","1","active","1599421908","False","161","0","1","0","8","3","161","",""
"1","0","1","active","1599425358","False","162","0","1","0","0","15","162","",""
"1","1","1","active","1599426135","False","163","0","1","0","17","0","163","",""
"1","0","1","active","1599425651","False","164","0","1","0","14","0","164","",""
"1","0","1","active","1599424559","False","165","0","1","0","18","0","165","",""
"1","0","1","active","1599426504","False","166","1","1","0","8","3","166","",""
"1","1","1","active","1599419621","False","167","1","1","0","11","3","167","",""
"1","3","1","active","1599426619","False","168","0","1","0","9","11","168","",""
"1","2","1","active","1599426622","False","169","0","1","0","9","24","169","",""
"1","0","1","active","1599421876","False","170","0","1","0","10","5","170","",""
"1","1","1","active","1599424248","False","171","0","1","0","3","15","171","",""
"1","0","1","active","1599396021","False","172","0","1","0","10","1","172","",""
"1","0","1","active","1599423760","False","173","0","1","0","17","2","173","",""
"1","0","1","active","1599425736","False","174","1","1","0","8","3","174","",""
"1","0","1","active","1599396629","False","175","0","1","0","11","0","175","",""
"1","0","1","active","1599422931","False","176","1","1","0","14","9","176","",""
"1","1","1","active","1599424009","False","177","0","1","0","8","2","177","",""
"1","1","1","active","1599426568","False","178","0","1","0","11","11","178","",""
"1","0","1","active","1599369219","False","179","0","1","0","8","7","179","",""
"1","0","1","active","1599421064","False","180","1","1","0","10","1","180","",""
"1","0","1","active","1599426496","False","181","0","1","0","14","1","181","",""
"1","1","1","active","1599415845","False","182","1","1","0","8","2","182","",""
"1","0","1","active","1599423321","False","183","0","1","0","17","2","183","",""
"1","0","1","active","1599426026","False","185","2","1","0","3","16","185","",""
"1","0","1","active","1599425693","False","186","0","1","0","16","3","186","",""
"1","1","1","active","1599411861","False","187","0","1","0","14","4","187","",""
"1","0","1","active","1599416904","False","188","0","1","0","17","6","188","",""
"1","1","1","active","1599426501","False","189","0","1","0","4","14","189","",""
"1","1","1","active","1599423055","False","190","2","1","0","0","14","190","",""
"1","0","1","active","1599426427","False","191","1","1","0","1","14","191","",""
"1","0","1","active","1599425572","False","192","0","1","0","0","15","192","",""
"1","0","1","active","1599420482","False","193","0","1","0","24","3","193","",""
"1","0","1","active","1599410346","False","194","0","1","0","0","15","194","",""
"1","0","1","active","1599424505","False","195","0","1","0","0","17","195","",""
"1","0","1","active","1599418857","False","196","0","1","0","18","11","196","",""
"1","0","1","active","1599418282","False","197","1","1","0","9","14","197","",""
"1","0","1","active","1599426470","False","198","0","1","0","5","10","198","",""
"1","0","1","active","1599425715","False","199","0","1","0","10","5","199","",""
"1","0","1","active","1599423206","False","200","0","1","0","12","3","200","",""
"1","0","1","active","1599426160","False","201","2","1","0","7","4","201","",""
"1","0","1","active","1599425638","False","202","0","1","0","7","4","202","",""
"1","0","1","active","1599425187","False","203","0","1","0","3","8","203","",""
"1","2","1","active","1599426490","False","204","1","1","0","12","9","204","",""
"1","0","1","active","1599414373","False","206","0","1","0","14","1","206","",""
"1","0","1","active","1599425992","False","207","0","1","0","16","3","207","",""
"1","1","1","active","1599425570","False","208","0","1","0","12","2","208","",""
"1","0","1","active","1599420523","False","209","0","1","0","11","3","209","",""
"1","0","1","active","1599426410","False","210","1","1","0","10","11","210","",""
"1","0","1","active","1599411638","False","211","0","1","0","14","1","211","",""
"1","0","1","active","1599414732","False","212","1","1","0","9","2","212","",""
"1","0","1","active","1599425344","False","213","0","1","0","13","2","213","",""
"1","3","1","active","1599425292","False","214","0","1","0","13","7","214","",""
"1","0","1","active","1599425616","False","215","0","1","0","2","13","215","",""
"1","0","1","active","1599422435","False","216","0","1","0","17","1","216","",""
"1","0","1","active","1599424349","False","217","0","1","0","18","1","217","",""
"1","0","1","active","1599423969","False","218","0","1","0","12","6","218","",""
"1","0","1","active","1599420672","False","219","2","1","0","7","4","219","",""
"1","1","1","active","1599417096","False","220","0","1","0","3","7","220","",""
"1","1","1","active","1599382567","False","221","0","1","0","4","6","221","",""
"1","0","1","active","1599417059","False","222","0","1","0","1","10","222","",""
"1","11","1","active","1599426514","False","223","0","1","4","0","0","223","",""
"1","0","1","active","1599423983","False","224","0","1","0","7","4","224","",""
"1","0","1","active","1599425836","False","225","0","1","0","14","1","225","",""
"1","2","1","active","1599426020","False","226","0","1","0","0","15","226","",""
"1","1","1","active","1599425782","False","227","1","1","0","0","12","227","",""
"1","1","1","active","1599426172","False","228","0","1","0","12","10","228","",""
"1","1","1","active","1599426109","False","229","0","1","0","16","1","229","",""
"1","0","1","active","1599426588","False","230","0","1","0","13","2","230","",""
"1","0","1","active","1599425486","False","231","0","1","0","2","9","231","",""
"1","0","1","active","1599426381","False","232","0","1","0","9","6","232","",""
"1","0","1","active","1599423931","False","233","0","1","0","8","3","233","",""
"1","0","1","active","1599424521","False","234","1","1","0","9","14","234","",""
"1","0","1","active","1599424658","False","235","0","1","0","13","1","235","",""
"1","1","1","active","1599425918","False","236","1","1","0","10","8","236","",""
"1","0","1","active","1599425554","False","237","0","1","0","9","5","237","",""
"1","0","1","active","1599404069","False","239","0","1","0","11","0","239","",""
"1","0","1","active","1599423699","False","240","1","1","0","4","6","240","",""
"1","0","1","active","1599425945","False","241","0","1","0","14","1","241","",""
"1","0","1","active","1599425712","False","242","0","1","0","14","16","242","",""
"1","0","1","active","1599426402","False","243","0","1","0","4","7","243","",""
"1","1","1","active","1599426494","False","244","0","1","0","7","5","244","",""
"1","0","1","active","1599388605","False","245","0","1","0","11","0","245","",""
"1","0","1","active","1599405959","False","246","2","1","0","0","11","246","",""
"1","0","1","active","1599425292","False","247","0","1","0","12","3","247","",""
"1","0","1","active","1599426514","False","248","0","1","0","11","4","248","",""
"1","0","1","active","1599426237","False","249","0","1","0","14","1","249","",""
"1","0","1","active","1599425787","False","250","0","1","0","15","3","250","",""
"1","3","1","active","1599426568","False","251","0","1","0","19","4","251","",""
"1","20","1","active","1599426616","False","252","1","1","10","0","1","252","",""
"1","0","1","active","1599426334","False","253","0","1","0","4","11","253","",""
"1","0","1","active","1599418691","False","254","0","1","0","14","1","254","",""
"1","0","1","active","1599422242","False","255","0","1","0","8","4","255","",""
"1","1","1","active","1599419503","False","256","1","1","0","3","11","256","",""
"1","0","1","active","1599409868","False","257","1","1","0","10","1","257","",""
"1","0","1","active","1599417187","False","258","1","1","0","12","3","258","",""
"1","0","1","active","1599426133","False","259","3","1","0","15","3","259","",""
"1","1","1","active","1599426077","False","260","0","1","0","8","1","260","",""
"1","0","1","active","1599413235","False","261","1","1","0","9","10","261","",""
"1","0","1","active","1599408680","False","262","1","1","0","17","2","262","",""
"1","0","1","active","1599419536","False","263","2","1","0","9","2","263","",""
"1","0","1","active","1599382247","False","264","2","1","0","10","5","264","",""
"1","0","1","active","1599422879","False","265","2","1","0","9","2","265","",""
"1","0","1","active","1599424653","False","266","0","1","0","2","6","266","",""
"1","0","1","active","1599417494","False","267","0","1","0","11","4","267","",""
"1","0","1","active","1599422992","False","268","2","1","0","6","13","268","",""
"1","0","1","active","1599423493","False","269","0","1","0","9","6","269","",""
"1","0","1","active","1599420989","False","270","4","1","0","7","4","270","",""
"1","0","1","active","1599422821","False","271","0","1","0","17","2","271","",""
"1","2","1","active","1599426413","False","272","0","1","0","6","5","272","",""
"1","1","1","active","1599425405","False","273","0","1","0","7","11","273","",""
"1","3","1","active","1599425056","False","274","0","1","0","4","12","274","",""
"1","0","1","active","1599422092","False","275","0","1","0","5","10","275","",""
"1","0","1","active","1599343859","False","277","0","1","0","13","2","277","",""
"1","0","1","active","1599398726","False","278","3","1","0","12","3","278","",""
"1","0","1","active","1599415551","False","279","0","1","0","12","3","279","",""
"1","0","1","active","1599425990","False","280","1","1","0","10","5","280","",""
"1","0","1","active","1599417635","False","282","2","1","0","12","3","282","",""
"1","0","1","active","1599401957","False","283","1","1","0","7","8","283","",""
"1","0","1","active","1599331798","False","284","0","1","0","18","2","284","",""
"1","0","1","active","1599423498","False","285","1","1","0","7","4","285","",""
"1","0","1","active","1599422511","False","286","1","1","0","10","4","286","",""
"1","0","1","active","1599415522","False","287","1","1","0","12","3","287","",""
"1","0","1","active","1599421916","False","288","4","1","0","10","5","288","",""
"1","0","1","active","1599419208","False","289","4","1","0","6","5","289","",""
"1","0","1","active","1599417277","False","290","0","1","0","11","0","290","",""
"1","1","1","active","1599426307","False","293","1","1","0","6","8","293","",""
"1","0","1","active","1599315820","False","294","0","1","0","15","4","294","",""
"1","0","1","active","1599423923","False","295","1","1","0","13","2","295","",""
"1","0","1","active","1599425184","False","296","1","1","0","7","4","296","",""
"1","0","1","active","1599424832","False","297","1","1","0","12","2","297","",""
"1","0","1","active","1599400907","False","298","2","1","0","6","11","298","",""
"1","0","1","active","1599411057","False","299","1","1","0","10","5","299","",""
"1","0","1","active","1599425848","False","301","0","1","0","13","6","301","",""
"1","0","1","active","1599426367","False","302","0","1","0","17","2","302","",""
"1","0","1","active","1599382249","False","303","0","1","0","9","2","303","",""
"1","1","1","active","1599418186","False","304","0","1","0","4","10","304","",""
"1","0","1","active","1599426291","False","305","1","1","0","3","13","305","",""
"1","0","1","active","1599424067","False","306","0","1","0","6","5","306","",""
"1","0","1","active","1599425385","False","307","5","1","0","3","13","307","",""
"1","0","1","active","1599421579","False","308","4","1","0","13","6","308","",""
"1","0","1","active","1599426279","False","309","1","1","0","16","2","309","",""
"1","0","1","active","1599424460","False","310","0","1","0","5","13","310","",""
"1","0","1","active","1599402315","False","311","1","1","0","9","2","311","",""
"1","0","1","active","1599421768","False","312","0","1","0","9","6","312","",""
"1","0","1","active","1599421578","False","313","0","1","0","9","6","313","",""
"1","0","1","active","1599422616","False","314","1","1","0","9","6","314","",""
"1","0","1","active","1599350276","False","315","0","1","0","14","1","315","",""
"1","0","1","active","1599403104","False","316","0","1","0","12","7","316","",""
"1","1","1","active","1599426114","False","317","0","1","0","6","4","317","",""
"1","0","1","active","86400","False","318","0","1","0","0","0","318","",""
"1","1","1","active","1599425196","False","319","1","1","0","11","3","319","",""
"1","0","1","active","1599425227","False","320","1","1","0","11","8","320","",""
"1","1","1","active","1599426053","False","321","1","1","0","13","5","321","",""
"1","0","1","active","1599423098","False","322","0","1","0","12","6","322","",""
"1","0","1","active","1599416178","False","323","0","1","0","5","6","323","",""
"1","0","1","active","1599426536","False","324","0","1","0","7","8","324","",""
"1","1","1","active","1599401220","False","325","0","1","0","10","8","325","",""
"1","0","1","active","1599426114","False","326","5","1","0","13","5","326","",""
"1","0","1","active","1599382569","False","327","0","1","0","18","1","327","",""
"1","0","1","active","1599420317","False","328","1","1","0","11","1","328","",""
"1","1","1","active","1599425282","False","329","0","1","0","7","10","329","",""
"1","1","1","active","1599426490","False","330","1","1","0","2","14","330","",""
"1","1","1","active","1599424802","False","331","0","1","0","11","3","331","",""
"1","0","1","active","1599424204","False","332","0","1","0","14","1","332","",""
"1","0","1","active","1599425139","False","333","0","1","0","13","2","333","",""
"1","1","1","active","1599426507","False","334","0","1","0","12","10","334","",""
"1","1","1","active","1599426587","False","335","0","1","0","8","6","335","",""
"1","0","1","active","1599426574","False","336","3","1","0","7","12","336","",""
"1","0","1","active","1599423875","False","337","1","1","0","10","5","337","",""
"1","0","1","active","1599425850","False","338","1","1","0","0","7","338","",""
"1","0","1","active","1599414156","False","339","1","1","0","17","2","339","",""
"1","0","1","active","1599409975","False","340","2","1","0","4","7","340","",""
"1","0","1","active","1599425784","False","341","1","1","0","3","12","341","",""
"1","0","1","active","1599417987","False","342","0","1","0","12","3","342","",""
"1","0","1","active","1599420284","False","343","2","1","0","13","2","343","",""
"1","1","1","active","1599426391","False","344","0","1","0","19","1","344","",""
"1","0","1","active","1599421960","False","345","2","1","0","8","7","345","",""
"1","0","1","active","1599407155","False","346","0","1","0","13","2","346","",""
"1","1","1","active","1599425926","False","347","1","1","0","4","13","347","",""
"1","0","1","active","1599425948","False","348","0","1","0","17","6","348","",""
"1","1","1","active","1599426587","False","349","0","1","0","24","6","349","",""
"1","0","1","active","1599411577","False","350","0","1","0","13","2","350","",""
"1","0","1","active","1599426545","False","351","0","1","0","16","3","351","",""
"1","0","1","active","1599425660","False","352","0","1","0","4","11","352","",""
"1","0","1","active","1599424296","False","353","0","1","0","14","9","353","",""
"1","1","1","active","1599424395","False","354","0","1","0","11","3","354","",""
"1","0","1","active","1599426190","False","355","0","1","0","15","0","355","",""
"1","0","1","active","1599424768","False","356","1","1","0","14","1","356","",""
"1","0","1","active","1599417138","False","357","0","1","0","23","0","357","",""
"1","0","1","active","1599420805","False","358","0","1","0","8","11","358","",""
"1","0","1","active","1599416592","False","359","1","1","0","3","12","359","",""
"1","0","1","active","1599395409","False","364","0","1","0","10","1","364","",""
"1","1","1","active","1599424878","False","365","0","1","0","0","18","365","",""
"1","0","1","active","1599425967","False","367","0","1","0","21","1","367","",""
"1","0","1","active","1599409925","False","368","1","1","0","14","1","368","",""
"1","1","1","active","1599426530","False","369","0","1","0","17","5","369","",""
"1","0","1","active","1599426552","False","370","0","1","0","15","4","370","",""
"1","0","1","active","1599411947","False","371","2","1","0","9","10","371","",""
"1","0","1","active","1599424017","False","373","0","1","0","10","9","373","",""
"1","0","1","active","1599424058","False","374","0","1","0","4","15","374","",""
"1","0","1","active","1599426426","False","375","0","1","0","11","12","375","",""
"1","0","1","active","1599425623","False","376","0","1","0","17","2","376","",""
"1","0","1","active","1599420870","False","377","0","1","0","9","5","377","",""
"1","0","1","active","1599403460","False","378","0","1","0","10","5","378","",""
"1","0","1","active","1599425753","False","379","0","1","0","13","6","379","",""
"1","0","1","active","1599382569","False","380","0","1","0","0","15","380","",""
"1","0","1","active","1599426310","False","381","1","1","0","3","12","381","",""
"1","0","1","active","1599424168","False","382","0","1","0","1","14","382","",""
"1","0","1","active","1599421652","False","383","0","1","0","17","2","383","",""
"1","0","1","active","1599413126","False","384","0","1","0","11","0","384","",""
"1","0","1","active","1599420097","False","385","0","1","0","17","2","385","",""
"1","1","1","active","1599423054","False","386","0","1","0","17","0","386","",""
"1","0","1","active","1599426139","False","387","0","1","0","7","11","387","",""
"1","0","1","active","1599405795","False","388","1","1","0","11","4","388","",""
"1","0","1","active","1599424526","False","389","1","1","0","10","1","389","",""
"1","1","1","active","1599424367","False","390","0","1","0","11","7","390","",""
"1","1","1","active","1599423589","False","391","0","1","0","8","6","391","",""
"1","0","1","active","1599419859","False","392","1","1","0","3","16","392","",""
"1","1","1","active","1599426416","False","393","0","1","0","6","12","393","",""
"1","2","1","active","1599426461","False","394","0","1","0","6","11","394","",""
"1","0","1","active","1599425662","False","395","2","1","0","15","4","395","",""
"1","0","1","active","1599424837","False","396","0","1","0","0","15","396","",""
"1","0","1","active","1599422392","False","397","0","1","0","17","6","397","",""
"1","0","1","active","1599423584","False","398","0","1","0","13","6","398","",""
"1","0","1","active","1599425985","False","399","0","1","0","6","12","399","",""
"1","2","1","active","1599425624","False","400","0","1","0","16","5","400","",""
"1","0","1","active","1599425125","False","401","1","1","0","8","11","401","",""
"1","0","1","active","1599425449","False","402","0","1","0","7","15","402","",""
"1","0","1","active","1599412398","False","403","0","1","0","18","5","403","",""
"1","0","1","active","1599424703","False","404","0","1","0","9","10","404","",""
"1","0","1","active","1599420809","False","405","0","1","0","13","2","405","",""
"1","0","1","active","1599422416","False","406","0","1","0","18","1","406","",""
"1","0","1","active","1599382573","False","407","0","1","0","11","4","407","",""
"1","4","1","active","1599426533","False","408","0","1","0","9","17","408","",""
"1","3","1","active","1599425627","False","409","0","1","0","0","14","409","",""
"1","2","1","active","1599426438","False","410","0","1","0","13","3","410","",""
"1","0","1","active","1599422659","False","411","0","1","0","3","16","411","",""
"1","0","1","active","1599425545","False","412","0","1","0","10","5","412","",""
"1","0","1","active","1599425074","False","413","0","1","0","17","6","413","",""
"1","0","1","active","1599423430","False","414","0","1","0","8","7","414","",""
"1","0","1","active","1599417878","False","415","0","1","0","9","6","415","",""
"1","0","1","active","1599418121","False","416","0","1","0","7","8","416","",""
"1","2","1","active","1599424105","False","417","1","1","0","13","4","417","",""
"1","0","1","active","1599426317","False","418","1","1","0","26","2","418","",""
"1","0","1","active","1599424891","False","419","0","1","0","12","13","419","",""
"1","0","1","active","1599423749","False","420","0","1","0","18","4","420","",""
"1","1","1","active","1599426443","False","421","0","1","0","1","17","421","",""
"1","0","1","active","1599382571","False","422","0","1","0","14","1","422","",""
"1","0","1","active","1599422967","False","423","0","1","0","14","9","423","",""
"1","0","1","active","1599382572","False","424","0","1","0","3","12","424","",""
"1","0","1","active","1599417461","False","425","1","1","0","6","5","425","",""
"1","0","1","active","1599382573","False","427","0","1","0","5","6","427","",""
"1","0","1","active","1599417757","False","428","0","1","0","10","1","428","",""
"1","0","1","active","1599382573","False","429","0","1","0","6","5","429","",""
"1","0","1","active","1599421177","False","430","0","1","0","9","4","430","",""
"1","0","1","active","1599412992","False","431","0","1","0","9","2","431","",""
"1","0","1","active","1599382572","False","432","0","1","0","9","2","432","",""
"1","0","1","active","1599382572","False","433","0","1","0","8","3","433","",""
"1","0","1","active","1599382572","False","434","0","1","0","10","5","434","",""
"1","0","1","active","1599382572","False","435","0","1","0","9","6","435","",""
"1","0","1","active","1599411446","False","436","0","1","0","12","3","436","",""
"1","0","1","active","1599423809","False","437","0","1","0","5","10","437","",""
"1","0","1","active","1599423178","False","438","0","1","0","14","3","438","",""
"1","0","1","active","1599421824","False","439","0","1","0","17","2","439","",""
"1","0","1","active","1599423733","False","440","1","1","0","15","4","440","",""
"1","0","1","active","1599415443","False","441","0","1","0","8","10","441","",""
"1","0","1","active","1599382573","False","442","0","1","0","8","7","442","",""
"1","2","1","active","1599425751","False","443","0","1","0","20","1","443","",""
"1","0","1","active","1599382572","False","444","0","1","0","10","9","444","",""
"1","0","1","active","1599425070","False","445","1","1","0","11","3","445","",""
"1","0","1","active","1599426534","False","446","0","1","0","10","3","446","",""
"1","0","1","active","1599424848","False","447","0","1","0","10","1","447","",""
"1","0","1","active","1599426463","False","448","0","1","0","4","10","448","",""
"1","0","1","active","1599423318","False","449","1","1","0","14","1","449","",""
"1","0","1","active","1599382572","False","450","0","1","0","10","1","450","",""
"1","0","1","active","1599425985","False","451","1","1","0","0","15","451","",""
"1","0","1","active","1599422396","False","452","1","1","0","14","1","452","",""
"1","0","1","active","1599426226","False","453","0","1","0","13","6","453","",""
"1","0","1","active","1599426234","False","454","0","1","0","13","6","454","",""
"1","0","1","active","1599421878","False","455","0","1","0","2","13","455","",""
"1","0","1","active","1599419019","False","456","0","1","0","10","5","456","",""
"1","0","1","active","1599405168","False","457","0","1","0","11","0","457","",""
"1","1","1","active","1599425635","False","458","1","1","0","13","5","458","",""
"1","0","1","active","1599405202","False","459","0","1","0","14","1","459","",""
"1","0","1","active","1599405444","False","460","1","1","0","11","4","460","",""
"1","0","1","active","1599420548","False","461","1","1","0","10","5","461","",""
"1","0","1","active","1599382575","False","462","0","1","0","11","0","462","",""
"1","0","1","active","1599425304","False","463","0","1","0","11","4","463","",""
"1","0","1","active","1599416172","False","464","0","1","0","12","3","464","",""
"1","0","1","active","1599417679","False","465","1","1","0","12","3","465","",""
"1","0","1","active","1599420197","False","466","3","1","0","12","3","466","",""
"1","0","1","active","1599382574","False","467","0","1","0","1","10","467","",""
"1","0","1","active","1599425949","False","468","0","1","0","6","5","468","",""
"1","0","1","active","1599425614","False","469","0","1","0","13","5","469","",""
"1","0","1","active","1599416047","False","470","0","1","0","8","11","470","",""
"1","1","1","active","1599426240","False","471","0","1","0","3","15","471","",""
"1","0","1","active","1599382574","False","472","0","1","0","6","13","472","",""
"1","2","1","active","1599426618","False","473","0","1","0","10","7","473","",""
"1","0","1","active","1599426501","False","474","1","1","0","19","3","474","",""
"1","0","1","active","1599418474","False","475","1","1","0","10","5","475","",""
"1","0","1","active","1599418641","False","476","0","1","0","6","9","476","",""
"1","0","1","active","1599414939","False","477","0","1","0","3","12","477","",""
"1","0","1","active","1599382575","False","479","0","1","0","8","3","479","",""
"1","0","1","active","1599382569","False","480","0","1","0","10","5","480","",""
"1","1","1","active","1599382574","False","481","0","1","0","6","4","481","",""
"1","0","1","active","1599425978","False","482","0","1","0","15","4","482","",""
"1","0","1","active","1599426097","False","483","0","1","0","18","1","483","",""
"1","0","1","active","1599425674","False","484","0","1","0","10","8","484","",""
"1","1","1","active","1599426062","False","485","0","1","0","13","4","485","",""
"1","0","1","active","1599425908","False","486","0","1","0","13","2","486","",""
"1","0","1","active","1599426243","False","487","0","1","0","18","1","487","",""
"1","4","1","active","1599426622","False","488","0","1","0","0","15","488","",""
"1","0","1","active","1599426596","False","490","0","1","0","16","2","490","",""
"1","0","1","active","1599420232","False","491","0","1","0","10","5","491","",""
"1","0","1","active","1599408797","False","492","1","1","0","3","8","492","",""
"1","0","1","active","1599382572","False","493","0","1","0","18","1","493","",""
"1","0","1","active","1599411687","False","494","0","1","0","18","1","494","",""
"1","0","1","active","1599382576","False","495","0","1","0","11","0","495","",""
"1","0","1","active","1599413755","False","496","0","1","0","7","12","496","",""
"1","0","1","active","1599426099","False","497","1","1","0","5","14","497","",""
"1","0","1","active","1599382575","False","498","0","1","0","1","14","498","",""
"1","0","1","active","1599382576","False","499","0","1","0","14","5","499","",""
"1","0","1","active","1599382578","False","500","0","1","0","7","8","500","",""
"1","1","1","active","1599425336","False","501","0","1","0","0","18","501","",""
"1","0","1","active","1599426385","False","505","0","1","0","2","12","505","",""
"1","1","1","active","1599425268","False","506","0","1","0","17","1","506","",""
"1","0","1","active","1599424992","False","507","2","1","0","13","2","507","",""
"1","0","1","active","1599424367","False","508","0","1","0","17","2","508","",""
"1","0","1","active","1599425072","False","509","0","1","0","19","0","509","",""
"1","0","1","active","1599426301","False","510","0","1","0","7","10","510","",""
"1","0","1","active","1599401254","False","511","0","1","0","14","0","511","",""
"1","0","1","active","1599404984","False","512","3","1","0","21","4","512","",""
"1","0","1","active","1599423382","False","513","1","1","0","11","4","513","",""
"1","0","1","active","1599405680","False","514","0","1","0","14","1","514","",""
"1","0","1","active","1599419532","False","515","2","1","0","4","12","515","",""
"1","0","1","active","1599382577","False","516","0","1","0","7","8","516","",""
"1","0","1","active","1599424547","False","517","1","1","0","10","5","517","",""
"1","0","1","active","1599406451","False","518","0","1","0","12","3","518","",""
"1","0","1","active","1599416592","False","519","0","1","0","11","4","519","",""
"1","0","1","active","1599382575","False","520","0","1","0","10","3","520","",""
"1","0","1","active","1599382577","False","521","0","1","0","9","6","521","",""
"1","0","1","active","1599382578","False","522","0","1","0","13","4","522","",""
"1","0","1","active","1599425879","False","523","0","1","0","12","5","523","",""
"1","0","1","active","1599410662","False","524","0","1","0","8","7","524","",""
"1","0","1","active","1599421967","False","525","0","1","0","2","13","525","",""
"1","0","1","active","1599407479","False","526","0","1","0","14","1","526","",""
"1","0","1","active","1599426326","False","527","1","1","0","2","21","527","",""
"1","1","1","active","1599424867","False","529","0","1","0","4","6","529","",""
"1","0","1","active","1599382578","False","530","0","1","0","10","5","530","",""
"1","0","1","active","1599407816","False","531","1","1","0","18","1","531","",""
"1","0","1","active","1599425188","False","532","0","1","0","17","1","532","",""
"1","0","1","active","1599424965","False","533","4","1","0","4","15","533","",""
"1","0","1","active","1599426302","False","534","0","1","0","10","8","534","",""
"1","2","1","active","1599426363","False","535","1","1","0","2","14","535","",""
"1","1","1","active","1599419918","False","536","2","1","0","4","10","536","",""
"1","1","1","active","1599419866","False","537","0","1","0","10","4","537","",""
"1","0","1","active","1599421605","False","538","0","1","0","19","0","538","",""
"1","1","1","active","1599426142","False","539","0","1","0","7","11","539","",""
"1","1","1","active","1599420765","False","540","0","1","0","13","5","540","",""
"1","0","1","active","1599382579","False","541","0","1","0","5","6","541","",""
"1","0","1","active","1599417335","False","542","0","1","0","4","7","542","",""
"1","1","1","active","1599425241","False","543","0","1","0","14","4","543","",""
"1","0","1","active","1599425531","False","544","0","1","0","7","12","544","",""
"1","0","1","active","1599424152","False","545","0","1","0","13","6","545","",""
"1","1","1","active","1599410132","False","546","0","1","0","18","14","546","",""
"1","0","1","active","1599420816","False","547","0","1","0","5","14","547","",""
"1","1","1","active","1599425988","False","548","0","1","0","10","8","548","",""
"1","0","1","active","1599426035","False","549","0","1","0","11","11","549","",""
"1","0","1","active","1599382579","False","550","0","1","0","12","7","550","",""
"1","0","1","active","1599421350","False","551","0","1","0","15","4","551","",""
"1","0","1","active","1599412461","False","552","0","1","0","7","12","552","",""
"1","0","1","active","1599422578","False","553","0","1","0","6","13","553","",""
"1","0","1","active","1599424940","False","554","0","1","0","13","5","554","",""
"1","0","1","active","1599296402","False","555","0","1","0","13","6","555","",""
"1","1","1","active","1599426287","False","556","0","1","0","17","1","556","",""
"1","0","1","active","1599419480","False","560","0","1","0","1","18","560","",""
"1","0","1","active","1599398071","False","561","0","1","0","7","8","561","",""
"1","0","1","active","1599412271","False","562","0","1","0","8","7","562","",""
"1","0","1","active","1599421817","False","563","0","1","1","10","4","563","",""
"1","0","1","active","1599333102","False","564","0","1","0","5","10","564","",""
"1","0","1","active","1599405101","False","565","0","1","0","5","10","565","",""
"1","0","1","active","1599421816","False","566","1","1","0","0","15","566","",""
"1","0","1","active","1599416236","False","567","0","1","0","10","7","567","",""
"1","0","1","active","1599421092","False","568","1","1","0","14","1","568","",""
"1","0","1","active","1599405688","False","569","1","1","0","12","3","569","",""
"1","0","1","active","1599296402","False","570","0","1","0","6","9","570","",""
"1","0","1","active","1599425647","False","571","0","1","0","10","1","571","",""
"1","0","1","active","1599296403","False","572","0","1","0","6","6","572","",""
"1","0","1","active","1599422943","False","573","0","1","0","7","5","573","",""
"1","0","1","active","1599422666","False","574","0","1","0","5","7","574","",""
"1","0","1","active","1599426081","False","575","3","1","0","6","6","575","",""
"1","0","1","active","1599426546","False","576","3","1","0","6","6","576","",""
"1","0","1","active","1599416210","False","577","2","1","0","0","12","577","",""
"1","0","1","active","1599420827","False","578","0","1","0","9","3","578","",""
"1","0","1","active","1599416833","False","579","0","1","0","3","7","579","",""
"1","0","1","active","1599415001","False","580","0","1","0","5","7","580","",""
"1","1","1","active","1599402496","False","581","1","1","0","15","2","581","",""
"1","0","1","active","1599348106","False","582","0","1","0","7","4","582","",""
"1","2","1","active","1599426260","False","583","0","1","0","16","1","583","",""
"1","0","1","active","1599419100","False","584","0","1","0","0","11","584","",""
"1","0","1","active","1599415475","False","585","0","1","0","6","5","585","",""
"1","0","1","active","1599415888","False","586","2","1","0","14","4","586","",""
"1","0","1","active","1599425264","False","587","0","1","0","17","2","587","",""
"1","0","1","active","1599425185","False","588","0","1","0","12","3","588","",""
"1","1","1","active","1599422824","False","589","0","1","0","18","0","589","",""
"1","0","1","active","1599426422","False","590","0","1","0","8","11","590","",""
"1","1","1","active","1599425343","False","591","2","1","0","15","3","591","",""
"1","0","1","active","1599426281","False","592","0","1","0","18","1","592","",""
"1","0","1","active","1599422231","False","593","0","1","0","15","2","593","",""
"1","0","1","active","1599406064","False","594","2","1","0","16","3","594","",""
"1","0","1","active","1599426566","False","595","1","1","0","15","2","595","",""
"1","0","1","active","1599425521","False","596","0","1","0","3","14","596","",""
"1","0","1","active","1599422946","False","597","0","1","0","8","9","597","",""
"1","0","1","active","1599367344","False","598","2","1","0","9","2","598","",""
"1","0","1","active","1599425708","False","599","0","1","0","9","6","599","",""
"1","0","1","active","1599423713","False","601","0","1","0","2","13","601","",""
"1","0","1","active","1599426535","False","602","0","1","0","16","3","602","",""
"1","0","1","active","1599420605","False","603","1","1","0","7","12","603","",""
"1","1","1","active","1599420997","False","604","0","1","0","3","11","604","",""
"1","1","1","active","1599426069","False","605","0","1","0","14","4","605","",""
"1","0","1","active","1599425512","False","606","0","1","0","16","3","606","",""
"1","0","1","active","1599296405","False","607","0","1","0","16","3","607","",""
"1","2","1","active","1599425959","False","608","0","1","0","15","2","608","",""
"1","0","1","active","1599425420","False","609","0","1","0","16","1","609","",""
"1","0","1","active","1599426620","False","610","0","1","0","3","16","610","",""
"1","0","1","active","1599423669","False","611","0","1","0","1","16","611","",""
"1","0","1","active","1599408291","False","612","0","1","0","0","19","612","",""
"1","0","1","active","1599350613","False","613","0","1","0","19","0","613","",""
"1","0","1","active","1599406077","False","614","0","1","0","2","13","614","",""
"1","0","1","active","1599425468","False","615","0","1","0","7","16","615","",""
"1","0","1","active","1599296406","False","616","0","1","0","12","7","616","",""
"1","0","1","active","1599405022","False","617","1","1","0","17","2","617","",""
"1","0","1","active","1599404703","False","618","1","1","0","17","2","618","",""
"1","0","1","active","1599342777","False","619","2","1","0","14","5","619","",""
"1","0","1","active","1599351371","False","620","1","1","0","18","1","620","",""
"1","0","1","active","1599311379","False","621","0","1","0","7","12","621","",""
"1","0","1","active","1599426459","False","622","0","1","0","9","3","622","",""
"1","0","1","active","1599425200","False","623","0","1","0","7","12","623","",""
"1","0","1","active","1599425063","False","624","0","1","0","3","16","624","",""
"1","1","1","active","1599411833","False","625","0","1","0","2","8","625","",""
"1","0","1","active","1599426577","False","626","0","1","0","15","2","626","",""
"1","0","1","active","1599419354","False","628","2","1","0","6","6","628","",""
"1","0","1","active","1599416917","False","629","0","1","0","10","9","629","",""
"1","0","1","active","1599425935","False","630","0","1","0","8","7","630","",""
"1","0","1","active","1599339898","False","632","0","1","0","15","0","632","",""
"1","0","1","active","1599421357","False","633","0","1","0","9","10","633","",""
"1","1","1","active","1599425456","False","634","0","1","0","16","2","634","",""
"1","0","1","active","1599426053","False","636","0","1","0","3","12","636","",""
"1","0","1","active","1599425965","False","637","0","1","0","12","6","637","",""
"1","0","1","active","1599426285","False","638","0","1","0","10","9","638","",""
